{
  "hwm": 1033.2959558776593,
  "halted": false,
  "balances": {
    "USDT": 520.3682123141425,
    "CAKE": 62.848169988432545,
    "LINK": 12.111453329636294,
    "BNB": 0.16817694894189866,
    "UNI": 35.854319976448465,
    "ETH": 0.06118690048608259
  },
  "window_start_ts": "2026-06-09T06:42:21+00:00",
  "cumulative_swaps": 40,
  "campaign_start_nav": 1000.0,
  "floor_cursor": 8
}