{
  "hwm": 1000.0,
  "halted": false,
  "balances": {
    "USDT": 492.54867123625326,
    "AVAX": 23.005391385700772,
    "ETH": 0.08653210958002686,
    "LINK": 18.720453558267472,
    "UNI": 20.884520292260877
  },
  "cumulative_swaps": 4,
  "window_start_ts": "2026-06-22T17:30:31+00:00",
  "floor_cursor": 0,
  "campaign_start_nav": 1000.0
}